{
    "root_group": {
        "path": "",
        "id": "d41d8cd98f00b204e9800998ecf8427e",
        "groups": {},
        "checks": {},
        "name": ""
    },
    "metrics": {
        "iteration_duration": {
            "max": 4725.780942,
            "avg": 192.57901216283244,
            "min": 4.726026,
            "med": 98.275637,
            "p(95)": 684.402799399999,
            "p(99)": 1220.44860808
        },
        "http_req_waiting": {
            "avg": 191.04207681343922,
            "min": 1.855145,
            "med": 96.693774,
            "p(95)": 682.6952579999987,
            "p(99)": 1218.884214,
            "max": 4724.121949
        },
        "cullis_mint_latency_ms": {
            "p(95)": 19.945019099999975,
            "p(99)": 31.85227143999998,
            "max": 36.162627,
            "avg": 6.379330440000002,
            "min": 1.951407,
            "med": 4.1956335
        },
        "http_req_tls_handshaking": {
            "p(99)": 0,
            "max": 0,
            "avg": 0,
            "min": 0,
            "med": 0,
            "p(95)": 0
        },
        "http_reqs": {
            "count": 54615,
            "rate": 227.5608541803447
        },
        "cullis_token_mint": {
            "count": 50,
            "rate": 0.2083318265864183
        },
        "vus": {
            "value": 1,
            "min": 1,
            "max": 50
        },
        "http_req_connecting": {
            "min": 0,
            "med": 0,
            "p(95)": 0,
            "p(99)": 0.113752,
            "max": 2.450264,
            "avg": 0.002352446031310079
        },
        "http_req_duration{expected_response:true}": {
            "p(99)": 1212.3504500400043,
            "max": 4724.212041,
            "avg": 189.0929094721523,
            "min": 1.951407,
            "med": 95.255738,
            "p(95)": 678.2260292999997
        },
        "http_req_sending": {
            "avg": 0.01881582109310618,
            "min": 0.00802,
            "med": 0.01778,
            "p(95)": 0.029160299999999993,
            "p(99)": 0.04142720000000001,
            "max": 3.739752
        },
        "http_req_duration": {
            "min": 1.951407,
            "med": 96.773311,
            "p(95)": 682.7703439999987,
            "p(99)": 1218.981808,
            "max": 4724.212041,
            "avg": 191.13001062215542
        },
        "data_received": {
            "count": 35194240,
            "rate": 146641.60609041573
        },
        "cullis_ingress_error_rate": {
            "passes": 876,
            "fails": 53689,
            "thresholds": {
                "rate<0.50": false
            },
            "value": 0.016054247228076607
        },
        "http_req_failed": {
            "passes": 876,
            "fails": 53739,
            "value": 0.016039549574292777
        },
        "cullis_mint_error_rate": {
            "passes": 0,
            "fails": 50,
            "thresholds": {
                "rate<0.50": false
            },
            "value": 0
        },
        "iterations": {
            "count": 54565,
            "rate": 227.35252235375827
        },
        "http_req_blocked": {
            "p(95)": 0.00598,
            "p(99)": 0.1548410000000001,
            "max": 2.518925,
            "avg": 0.0068006724892427815,
            "min": 0.00156,
            "med": 0.00357
        },
        "cullis_ingress_latency_ms": {
            "min": 3.965635,
            "med": 96.91547,
            "p(95)": 683.1584069999999,
            "p(99)": 1219.00949232,
            "max": 4724.212041,
            "avg": 191.29930474859378
        },
        "cullis_token_reuse": {
            "count": 54515,
            "rate": 227.14419052717187
        },
        "http_req_receiving": {
            "min": 0.01768,
            "med": 0.060331,
            "p(95)": 0.10482129999999999,
            "p(99)": 0.2662320000000002,
            "max": 2.906469,
            "avg": 0.06911798762244785
        },
        "data_sent": {
            "count": 70695265,
            "rate": 294561.47376921773
        },
        "vus_max": {
            "min": 50,
            "max": 50,
            "value": 50
        }
    }
}