{
    "metrics": {
        "iteration_duration": {
            "max": 823.443268,
            "avg": 170.1411487405276,
            "min": 3.320897,
            "med": 151.895457,
            "p(95)": 341.656032,
            "p(99)": 400.7736913000007
        },
        "http_req_blocked": {
            "med": 0.00305,
            "p(95)": 0.00529,
            "p(99)": 0.007331,
            "max": 3.213465,
            "avg": 0.0035222768804326083,
            "min": 0.00156
        },
        "vus_max": {
            "value": 100,
            "min": 100,
            "max": 100
        },
        "data_sent": {
            "rate": 656830.3819198075,
            "count": 236460718
        },
        "http_req_waiting": {
            "p(95)": 337.40098850000004,
            "p(99)": 394.1559526000001,
            "max": 805.438625,
            "avg": 166.01440143274954,
            "min": 2.507376,
            "med": 147.306108
        },
        "http_req_tls_handshaking": {
            "max": 0,
            "avg": 0,
            "min": 0,
            "med": 0,
            "p(95)": 0,
            "p(99)": 0
        },
        "vus": {
            "value": 1,
            "min": 1,
            "max": 100
        },
        "http_req_duration{expected_response:true}": {
            "min": 2.565327,
            "med": 150.674877,
            "p(95)": 340.47454700000003,
            "p(99)": 399.4766180000005,
            "max": 822.249921,
            "avg": 168.9350549519861
        },
        "cullis_ingress_latency_ms": {
            "avg": 168.9837033044055,
            "min": 2.565327,
            "med": 150.740518,
            "p(95)": 340.49936349999996,
            "p(99)": 399.5537551000001,
            "max": 822.249921
        },
        "cullis_token_reuse": {
            "rate": 538.5820556495705,
            "count": 193891
        },
        "http_req_sending": {
            "avg": 0.01712110786177787,
            "min": 0.00695,
            "med": 0.01526,
            "p(95)": 0.02561,
            "p(99)": 0.036531900000000055,
            "max": 3.629931
        },
        "data_received": {
            "count": 133896672,
            "rate": 371932.39939139155
        },
        "cullis_mint_latency_ms": {
            "max": 245.599844,
            "avg": 74.56162961,
            "min": 3.344507,
            "med": 64.984905,
            "p(95)": 187.18036619999992,
            "p(99)": 243.29560712000003
        },
        "cullis_mint_error_rate": {
            "passes": 0,
            "fails": 100,
            "thresholds": {
                "rate<0.50": false
            },
            "value": 0
        },
        "http_req_connecting": {
            "p(95)": 0,
            "p(99)": 0,
            "max": 3.026613,
            "avg": 0.00009002836298437331,
            "min": 0,
            "med": 0
        },
        "http_req_receiving": {
            "p(99)": 45.850810700000004,
            "max": 214.370023,
            "avg": 2.903532411374092,
            "min": 0.01474,
            "med": 1.507822,
            "p(95)": 4.331651
        },
        "http_req_failed": {
            "passes": 0,
            "fails": 194091,
            "value": 0
        },
        "cullis_token_mint": {
            "rate": 0.27777568615849657,
            "count": 100
        },
        "http_reqs": {
            "count": 194091,
            "rate": 539.1376070218876
        },
        "http_req_duration": {
            "min": 2.565327,
            "med": 150.674877,
            "p(95)": 340.47454700000003,
            "p(99)": 399.4766180000005,
            "max": 822.249921,
            "avg": 168.9350549519861
        },
        "iterations": {
            "count": 193991,
            "rate": 538.859831335729
        },
        "cullis_ingress_error_rate": {
            "passes": 0,
            "fails": 193991,
            "thresholds": {
                "rate<0.50": false
            },
            "value": 0
        }
    },
    "root_group": {
        "checks": {},
        "name": "",
        "path": "",
        "id": "d41d8cd98f00b204e9800998ecf8427e",
        "groups": {}
    }
}