{
    "metrics": {
        "cullis_token_mint": {
            "count": 500,
            "rate": 1.282008103081518
        },
        "http_req_duration{expected_response:true}": {
            "avg": 4956.529943771339,
            "min": 2.966892,
            "med": 1384.0200935,
            "p(95)": 13733.689219599999,
            "p(99)": 15806.82805675,
            "max": 17585.696865
        },
        "http_req_blocked": {
            "avg": 0.05830282597135277,
            "min": 0.00014,
            "med": 0.00041,
            "p(95)": 0.00073,
            "p(99)": 1.500833899999986,
            "max": 87.769086
        },
        "cullis_mint_error_rate": {
            "passes": 0,
            "fails": 500,
            "thresholds": {
                "rate<0.50": false
            },
            "value": 0
        },
        "http_reqs": {
            "count": 37988,
            "rate": 97.40184763972142
        },
        "http_req_receiving": {
            "avg": 0.07571813077813933,
            "min": 0.01514,
            "med": 0.061691,
            "p(95)": 0.09639815000000002,
            "p(99)": 0.2418632999999984,
            "max": 31.944196
        },
        "http_req_failed": {
            "passes": 5758,
            "fails": 32230,
            "value": 0.15157418132041697
        },
        "data_received": {
            "count": 24974740,
            "rate": 64035.638104708225
        },
        "cullis_ingress_error_rate": {
            "passes": 5758,
            "fails": 31730,
            "thresholds": {
                "rate<0.50": false
            },
            "value": 0.1535958173282117
        },
        "http_req_waiting": {
            "max": 17601.533116,
            "avg": 4572.241288602149,
            "min": 0.068601,
            "med": 809.1951605,
            "p(95)": 13590.000182650005,
            "p(99)": 15790.80457656
        },
        "data_sent": {
            "count": 27262557,
            "rate": 69901.63796944353
        },
        "vus": {
            "value": 2,
            "min": 2,
            "max": 500
        },
        "cullis_ingress_latency_ms": {
            "avg": 4633.391225849652,
            "min": 10.356564,
            "med": 887.421513,
            "p(95)": 13621.172800000002,
            "p(99)": 15792.74523556,
            "max": 17601.661099
        },
        "http_req_connecting": {
            "min": 0,
            "med": 0,
            "p(95)": 0,
            "p(99)": 0.21906909999999746,
            "max": 73.488966,
            "avg": 0.02038840670738128
        },
        "vus_max": {
            "min": 500,
            "max": 500,
            "value": 500
        },
        "http_req_duration": {
            "max": 17601.661099,
            "avg": 4572.5256101242685,
            "min": 2.966892,
            "med": 810.4138975000001,
            "p(95)": 13590.148778500006,
            "p(99)": 15790.948265730001
        },
        "http_req_sending": {
            "med": 0.078141,
            "p(95)": 0.445126500000002,
            "p(99)": 3.4328561999999994,
            "max": 67.733356,
            "avg": 0.20860339136043052,
            "min": 0.033441
        },
        "iterations": {
            "count": 37488,
            "rate": 96.1198395366399
        },
        "http_req_tls_handshaking": {
            "p(99)": 1.1813760299999705,
            "max": 46.211356,
            "avg": 0.03477297762451304,
            "min": 0,
            "med": 0,
            "p(95)": 0
        },
        "iteration_duration": {
            "min": 11.696624,
            "med": 890.6530084999999,
            "p(95)": 13622.538577850002,
            "p(99)": 15794.16352503,
            "max": 17602.898715,
            "avg": 4635.13936896315
        },
        "cullis_token_reuse": {
            "count": 36988,
            "rate": 94.83783143355838
        },
        "cullis_mint_latency_ms": {
            "avg": 9.065205498000001,
            "min": 2.966892,
            "med": 6.6063125,
            "p(95)": 21.045596299999982,
            "p(99)": 34.68939277999994,
            "max": 157.657252
        }
    },
    "root_group": {
        "checks": {},
        "name": "",
        "path": "",
        "id": "d41d8cd98f00b204e9800998ecf8427e",
        "groups": {}
    }
}